random_id,participant_id,n
p0kqwtb8qfg,jaguar,197
p3awyfzqtp5,eagle,197
p61ookep616,gorilla,197
parct2ymsor,moose,197
pb25qkhc1hd,turtle,197
pbj1ke6etey,2341,197
pbomzsx5uv0,penguin,197
pc76budfn8f,pelican,197
pfovxblnuyb,nm,197
pfpve9os644,camel,197
pfv4lc5tqk3,Beaver,197
pgqgaauvgox,gazelle,197
phgb8tewtjq,squirrel,197
phumhep7blt,dolphin,197
pjho8qfughu,otter,197
pjvubvl9wpb,shark,197
pkad1o6ok2o,hyena,197
pkla5o2651l,heron,197
pl95ryw3ufv,as,197
plbfb0jwlqx,A17689315,197
plkwbuls7z8,axolotl,197
po3s0u0nv0r,llama,197
pprfprv0sxg,manatee,197
pqj2fw70o45,rhino,197
pql2cezp083,leopard,197
pr0dcr5sc77,koala,197
pr3l31nor41,raccoon,197
pr8zdvzdae8,12,197
pra37fme1so,seal,197
pt4obze7rco,antelope,197
ptbyvf27tog,falcon,197
ptlrdc3hbcm,1,197
pu46dehm4mr,flamingo,197
pucqcvz241h,badger,197
pum1brnt9an,cricket,197
pwdfftmnce8,trex,197
pwelb1urva9,cheetah,197
px7o3xt6r35,p73,197
px8hc4uvlye,panda,197
pxcgec5on28,lion,197
pxwveo7l5kd,hedgehog,197
